id,media_id,media_type,media_url,timestamp
17860001001,17900001005,IMAGE,https://instagram.mock/media/17900001005_1.jpg,2026-04-25T18:30:00
17860001002,17900001005,IMAGE,https://instagram.mock/media/17900001005_2.jpg,2026-04-25T18:30:00
17860001003,17900001005,IMAGE,https://instagram.mock/media/17900001005_3.jpg,2026-04-25T18:30:00
17860001004,17900001005,IMAGE,https://instagram.mock/media/17900001005_4.jpg,2026-04-25T18:30:00
17860001005,17900001007,IMAGE,https://instagram.mock/media/17900001007_1.jpg,2026-04-21T12:00:00
17860001006,17900001007,IMAGE,https://instagram.mock/media/17900001007_2.jpg,2026-04-21T12:00:00
17860001007,17900001007,IMAGE,https://instagram.mock/media/17900001007_3.jpg,2026-04-21T12:00:00
17860001008,17900001011,IMAGE,https://instagram.mock/media/17900001011_1.jpg,2026-04-13T14:00:00
17860001009,17900001011,IMAGE,https://instagram.mock/media/17900001011_2.jpg,2026-04-13T14:00:00
17860001010,17900001011,IMAGE,https://instagram.mock/media/17900001011_3.jpg,2026-04-13T14:00:00
17860001011,17900001011,IMAGE,https://instagram.mock/media/17900001011_4.jpg,2026-04-13T14:00:00
17860001012,17900001011,IMAGE,https://instagram.mock/media/17900001011_5.jpg,2026-04-13T14:00:00
17860001013,17900001018,IMAGE,https://instagram.mock/media/17900001018_1.jpg,2026-03-30T18:00:00
17860001014,17900001018,IMAGE,https://instagram.mock/media/17900001018_2.jpg,2026-03-30T18:00:00
17860001015,17900001018,IMAGE,https://instagram.mock/media/17900001018_3.jpg,2026-03-30T18:00:00
17860001016,17900001018,IMAGE,https://instagram.mock/media/17900001018_4.jpg,2026-03-30T18:00:00
17860001017,17900001018,VIDEO,https://instagram.mock/media/17900001018_5.mp4,2026-03-30T18:00:00
17860001018,17900001021,IMAGE,https://instagram.mock/media/17900001021_1.jpg,2026-03-24T12:00:00
17860001019,17900001021,IMAGE,https://instagram.mock/media/17900001021_2.jpg,2026-03-24T12:00:00
17860001020,17900001021,IMAGE,https://instagram.mock/media/17900001021_3.jpg,2026-03-24T12:00:00
17860001021,17900001021,IMAGE,https://instagram.mock/media/17900001021_4.jpg,2026-03-24T12:00:00
17860001022,17900001026,IMAGE,https://instagram.mock/media/17900001026_1.jpg,2026-03-12T11:00:00
17860001023,17900001026,IMAGE,https://instagram.mock/media/17900001026_2.jpg,2026-03-12T11:00:00
17860001024,17900001026,IMAGE,https://instagram.mock/media/17900001026_3.jpg,2026-03-12T11:00:00
17860001025,17900001026,IMAGE,https://instagram.mock/media/17900001026_4.jpg,2026-03-12T11:00:00
17860001026,17900001026,IMAGE,https://instagram.mock/media/17900001026_5.jpg,2026-03-12T11:00:00
17860001027,17900001029,IMAGE,https://instagram.mock/media/17900001029_1.jpg,2025-04-26T21:30:00
17860001028,17900001029,IMAGE,https://instagram.mock/media/17900001029_2.jpg,2025-04-26T21:30:00
17860001029,17900001029,IMAGE,https://instagram.mock/media/17900001029_3.jpg,2025-04-26T21:30:00
17860001030,17900001029,IMAGE,https://instagram.mock/media/17900001029_4.jpg,2025-04-26T21:30:00
